direccion,telefono,norma,fecha_creacion,programas_vigente,acreditada,fecha_acreditacion,resolucion_acreditacion,vigencia,nit,pagina_web,cod_inst,cod_munic,codigo_ies_padre,cod_juridica,cod_seccional,cod_admon,cod_norma,cod_estado
Carrera 45 #26 - 85,3165000,66,1899-12-29,276,S,2021-08-25,15859,10,899.999.063-3,www.unal.edu.co,1101,mu21,1101,nj2,ps2,adm9,nc2,est2
"Calle 59A No 63 - 20, N¿cleo El Volador",4309000,66,1899-12-29,122,S,2021-08-25,15859,10,899.999.063-3,www.medellin.unal.edu.co,1102,mu29,1101,nj2,ps1,adm34,nc2,est2
Carrera 27 No. 64-60,8879300,66,1899-12-29,60,N,,,,899.999.063-3,www.manizales.unal.edu.co,1103,mu18,1101,nj2,ps1,adm34,nc2,est2
"Carrera 32 No 12 - 00 Chapinero, V¿a Candelaria",2868888,66,1899-12-29,20,N,,,,899.999.063-3,www.palmira.unal.edu.co,1104,mu83,1101,nj2,ps1,adm34,nc2,est2
Calle  73  No.11-95,3471190,197,1955-02-01,39,S,2021-08-12,14621,6,899.999.124-4,www.pedagogica.edu.co,1105,mu21,1105,nj2,ps2,adm13,nc8,est2
Avenida Central del Norte 39-115,7422175,2655,1953-10-10,131,S,2021-12-10,23655,6,891800330-1,www.uptc.edu.co,1106,mu33,1106,nj2,ps2,adm13,nc8,est2
Carrera 18 Calle 23,604100,2655,2007-03-19,21,S,2021-12-10,23655,6,891800330-1,www.uptc.edu.co,1107,mu78,1106,nj2,ps1,adm13,nc8,est2
Calle 4 Sur No. 15-134,701693,2655,1953-10-10,23,S,2021-12-10,23655,6,891800330-1,www.uptc.edu.co,1108,mu11,1106,nj2,ps1,adm27,nc8,est2
Calle 14A No. 2-37,262598,2655,1953-10-10,5,S,2021-12-10,23655,6,891800330-1,www.uptc.edu.co,1109,mu82,1106,nj2,ps1,adm13,nc8,est2
"Claustro de Santo Domingo, Calle 5 No. 4-70",8209900,0,1899-12-29,179,S,2019-06-13,6218,8,891.500.319-2,www.unicauca.edu.co,1110,mu1,1110,nj2,ps2,adm13,nc8,est2
Carrera 27 #10-02,3215693,41,1958-12-15,119,S,2021-05-28,9597,10,891.480.035-9,www.utp.edu.co,1111,mu3,1111,nj2,ps2,adm9,nc2,est2
Calle 65  26-10,8861250,6,1943-05-24,117,S,2018-10-24,17202,8,890.801.063,www.ucaldas.edu.co,1112,mu18,1112,nj2,ps2,adm56,nc5,est2
Carrera 6 No. 77-305,7860300,37,1966-08-03,61,S,2023-01-11,20,6,891.080.031-3,www.unicordoba.edu.co,1113,mu38,1113,nj2,ps2,adm6,nc2,est2
Avenida Pastrana Borrero Carrera 1,8754753,13,1976-01-30,89,S,2023-01-11,23,6,891.180.084-2,www.usco.edu.co,1114,mu28,1114,nj2,ps2,adm9,nc2,est2
"Avenida Circunvalar, Barrio Porvenir",4352905,60,1982-12-30,40,N,,,,891.190.346-1,www.uniamazonia.edu.co,1115,mu10,1115,nj2,ps2,adm6,nc2,est2
Carrera 11 No. 101-80,2159689,84,1980-01-23,117,S,2022-07-06,13147,8,800.225.340,www.umng.edu.co,1117,mu21,1117,nj2,ps2,adm34,nc3,est2
Ciudadela Universitaria Barrio Nicolas Medrano,6710237,38,1968-11-18,34,N,,,,891.680.089-4,www.utch.edu.co,1118,mu35,1118,nj2,ps2,adm6,nc2,est2
"Kil¿metro 12 V¿a Puerto L¿pez, Vereda Barcelona",6616800,2513,1974-11-25,46,S,2022-04-08,5310,6,892.000.757-3,www.rectoria@unillanos.edu.co,1119,mu63,1119,nj2,ps2,adm13,nc8,est2
Sede Balneario Hurtado,5843517,34,1976-11-19,49,N,,,,892.300.285-6,www.unicesar.edu.co,1120,mu72,1120,nj2,ps2,adm80,nc2,est2
Clle 28 No. 6-02,2418800,48,1945-12-17,23,S,2023-01-11,21,6,800.144.829-9,www.unicolmayor.edu.co,1121,mu21,1121,nj2,ps2,adm6,nc2,est2
Avenida Sim¿n Bolivar  54A-10,2449675,65,1988-12-14,5,N,,,,835.000.300-4,www.unipacifico.edu.co,1122,mu87,1122,nj2,ps2,adm34,nc2,est2
Cra. 40  v¿a al Mar,5654900,34,1976-11-19,8,N,,,,892.300.285-6,www.unicesar.edu.co,1123,mu81,1120,nj2,ps1,adm80,nc2,est2
Kil¿metro 9 v¿a a Ca¿o Lim¿n,8853004,66,1969-12-31,3,S,2021-08-25,15859,10,899.999.063-3,www.arauca.unal.edu.co,1124,mu68,1101,nj2,ps1,adm34,nc2,est2
km 2 Via Leticia - Tarapaca,5927254,66,1969-12-31,4,S,2021-08-25,15859,10,899.999.063-3,www.imani.unal.edu.co,1125,mu79,1101,nj2,ps1,adm34,nc2,est2
Carretera Circunvalar San Luis,5133310,66,1969-12-31,3,S,2021-08-25,15859,10,899.999.063-3,www.caribe.unal.edu.co,1126,mu7,1101,nj2,ps1,adm34,nc2,est2
CLLE 67 No. 51 - 08,2128332,71,1969-12-31,315,S,2012-12-14,16516,10,890.980.040-8,www.udea.edu.co,1201,mu29,1201,nj4,ps2,adm67,nc2,est2
CARRERA 30 No. 8 - 49 PUERTO COLOMBIA - ATL¿NTICO,3162666,42,1946-06-15,92,S,2019-04-22,4140,4,890.102.257-3,www.uniatlantico.edu.co,1202,mu9,1202,nj4,ps2,adm36,nc5,est2
"Ciudad Universitaria Melendez, Calle 13 100-00",3212100,12,1945-06-11,290,S,2014-01-27,1052,10,8903990106,www.univalle.edu.co,1203,mu80,1203,nj4,ps2,adm63,nc5,est2
Ciudad Universitaria Carrera 27 Calle 9,6344000,83,1944-06-22,180,S,2022-07-19,14043,10,890.201.213-4,www.uis.edu.co,1204,mu65,1204,nj4,ps2,adm7,nc5,est2
Centro Carrera 6 No. 36-100,6600676,0,1899-12-29,110,S,2018-02-12,1968,6,890.480.123-5,www.unicartagena.edu.co,1205,mu86,1205,nj4,ps2,adm70,nc8,est2
"Torobajo, Carrera 22 No. 18-109",7313604,49,1904-11-07,111,S,2023-01-11,22,6,800.118.954,www.udenar.edu.co,1206,mu27,1206,nj4,ps2,adm66,nc8,est2
Barrio Santa Elena,2644219,5,1945-05-21,89,S,2020-07-17,13189,4,890.700.640,www.ut.edu.co,1207,mu53,1207,nj4,ps2,adm61,nc5,est2
Carrera 15 Calle 12 Norte,7460103,23,1960-10-14,47,S,2022-08-02,14915,6,890.000.432-8,www.uniquindio.edu.co,1208,mu54,1208,nj4,ps2,adm21,nc4,est2
Avenida Gran Colombia No. 12E-96,5753172,323,1970-05-13,48,S,2022-08-02,15176,6,890.500.622,www.ufps.edu.co,1209,mu51,1209,nj4,ps2,adm51,nc8,est2
Via El Algodonal,5692199,323,1970-05-13,22,N,,,,800163130-0,www.ufpso.edu.co,1210,mu13,1209,nj4,ps1,adm11,nc8,est2
"Ciudad Universitaria, Km.1 v¿a a Bucaramanga",6853003,1,1960-11-23,80,S,2021-09-27,18143,4,890.501.510-4,www.unipamplona.edu.co,1212,mu44,1212,nj4,ps2,adm32,nc7,est2
Carrera 32 22-08 Sector San Pedro Alejandrino,4301292,5,1958-10-27,90,S,2021-06-04,10288,6,891.780.111-8,https://unimagdalena.edu.co,1213,mu60,1213,nj4,ps2,adm3,nc5,est2
Diagonal 18  No. 20-29,8281483,45,1969-12-19,28,N,,,,890.680.062,www.ucundinamarca.edu.co,1214,mu22,1214,nj4,ps2,adm10,nc5,est2
Calle 19 24-209,8335071,45,1969-12-19,4,N,,,,890.680.062,www.ucundinamarca.edu.co,1215,mu19,1214,nj4,ps1,adm76,nc5,est2
Calle 16 No. 9-80,8553055,45,1969-12-19,2,N,,,,890.680.062,www.ucundinamarca.edu.co,1216,mu6,1214,nj4,ps1,adm76,nc5,est2
Carrera 28 No. 5 - 267,2821240,1,1977-11-24,26,S,2022-08-02,15153,6,892.200.323-9,www.unisucre.edu.co,1217,mu67,1217,nj4,ps2,adm71,nc5,est2
Kil¿metro 5 v¿a a Maicao,7822729,523,1976-11-12,47,N,,,,892.115.029-4,www.uniguajira.edu.co,1218,mu77,1218,nj4,ps2,adm60,nc8,est2
"Km 6 V¿a Rionegro, La Ceja, El Tambo Jurisdicci¿n El Carmen de Viboral",5311177,SIN DATO,2007-03-19,3,N,,2087,,890.980.040-8,www.udea.edu.co,1219,mu2,1201,nj4,ps1,adm26,nc1,est2
Km. 4 Salida Medell¿n Vereda Campamento,8418052,SIN DATO,2007-03-19,1,N,,2087,,890.980.040-8,www.udea.edu.co,1220,mu43,1201,nj4,ps1,adm26,nc1,est2
Liceo Municipal Caucasi Carretera.TR Av. Pajonal,8395350,SIN DATO,2007-03-19,2,N,,2087,,890.980.040-8,www.udea.edu.co,1221,mu4,1201,nj4,ps1,adm26,nc1,est2
Salida  Medell¿n Barrio Cacique,8333522,SIN DATO,2007-03-19,,N,,2087,,890.980.040-8,www.udea.edu.co,1222,mu26,1201,nj4,ps1,adm26,nc1,est2
Calle 104 entre Carreras 18 A - 19 B.Jes¿s,8272588,SIN DATO,2007-03-19,2,N,,2087,,890.980.040-8,www.udea.edu.co,1223,mu69,1201,nj4,ps1,adm26,nc1,est2
Carrera 7 No. 40-53,3239300,135,1950-12-15,92,S,2021-12-10,23653,8,899.999.230-7,www.udistrital.edu.co,1301,mu21,1301,nj1,ps2,adm75,nc6,est2
Carrera 7  40-62,3208130,73,1933-12-12,241,S,2020-07-17,13170,10,860.013.720-1,www.javeriana.edu.co,1701,mu21,1701,nj3,ps2,adm33,nc1,est2
Clle 18 No. 118-250 Av Cañasgordas,3218200,73,1933-12-12,85,S,2020-07-17,13170,10,No Informa,www.puj.edu.co,1702,mu80,1701,nj3,ps1,adm49,nc6,est2
Carrera 13 No. 24-15,4442000,1891,1963-06-19,24,N,,,,860.011.285-1,www.unincca.edu.co,1703,mu21,1703,nj3,ps2,adm19,nc6,est2
"Sede Ppal Carrera 9  51-11, Sede Norte Cra.10 72-50",5878797,3645,1965-08-06,125,S,2022-07-28,14525,8,860.012.357-6,www.usta.edu.co,1704,mu21,1704,nj3,ps2,adm64,nc6,est2
Carrera 18 No. 9-27,6716482,3645,1965-08-06,59,S,2022-07-28,14525,8,860.012.357-6,www.ustabuca.edu.co,1705,mu65,1704,nj3,ps1,adm64,nc6,est2
Calle 12 No. 1-17 Este,3420288,92,1926-03-09,262,S,2021-04-15,6538,8,860.014.918-7,www.uexternado.edu.co,1706,mu21,1706,nj3,ps2,adm49,nc6,est2
Carrera 4  22-61,3341777,2613,1959-08-14,138,S,2018-03-21,4624,6,860.006.848-6,www.utadeo.edu.co,1707,mu21,1707,nj3,ps2,adm75,nc1,est2
Zona Norte Anillo Vial kil¿metro 13,6600578,2613,1959-08-14,5,S,2018-03-21,4624,6,860.006.848-6,www.utadeo.edu.co,1708,mu86,1707,nj3,ps1,adm19,nc6,est2
Carrera 5  21-38,3239868,1876,1967-06-05,32,S,2019-01-16,256,4,860.024.746-1,www.ucentral.edu.co,1709,mu21,1709,nj3,ps2,adm75,nc1,est2
Campus de Laureles Circular 1a. No. 70-01,4488388,48,1937-02-22,206,S,2018-10-24,17228,6,890.902.922-6,www.upb.edu.co,1710,mu29,1710,nj3,ps2,adm33,nc1,est2
Campus  Universitario Puente del Com¿n,8615555,130,1980-01-14,140,S,2017-03-31,6166,8,860.075.558-1,www.unisabana.edu.co,1711,mu16,1711,nj3,ps2,adm12,nc6,est2
Carrera 49  No.7 SUR - 50,2619500,75,1960-06-28,122,S,2018-02-13,2158,8,890.901.389,www.eafit.edu.co,1712,mu29,1712,nj3,ps2,adm50,nc1,est2
Kilometro 5 Via  Pto. Colombia,3509388,149,1966-02-14,174,S,2018-05-31,8870,8,890.101.681-9,www.uninorte.edu.co,1713,mu52,1713,nj3,ps2,adm79,nc1,est2
Calle 12c No. 6-25,2970200,58,1969-12-31,208,S,2019-12-09,13599,8,860.007.759-3,www.urosario.edu.co,1714,mu21,1714,nj3,ps2,adm42,nc6,est2
Avenida Circunvalar No. 20-53,3376680,417,1958-02-13,31,N,,,,860.006.806-7,www.uamerica.edu.co,1715,mu21,1715,nj3,ps2,adm19,nc6,est2
Cra 122 N¿ 6 - 65 via a Pance,3182200,1326,1975-03-25,85,S,2021-08-12,14620,6,890.307.400-1,www.usbcali.edu.co,1716,mu80,1718,nj3,ps1,adm12,nc6,est2
Carrera 56C   51-90  Barrio San Benito,4500323,1326,1975-03-25,43,S,2021-08-12,14620,6,890.307.400-1,www.usb-med.edu.co,1717,mu29,1718,nj3,ps1,adm58,nc6,est2
"Carrera 8H #172-20 , Rector¿a: Cra. 9  No. 123-76 Of.602-603",6671090,1326,1975-03-25,46,S,2021-08-12,14620,6,890.307.400-1,www.usbbog.edu.co,1718,mu21,1718,nj3,ps2,adm12,nc6,est2
Av Caracas No. 46-72,3277300,2271,1970-07-07,34,S,2019-09-06,9520,4,860.028.971-9,www.ucatolica.edu.co,1719,mu21,1719,nj3,ps2,adm19,nc6,est2
Calle 18 No. 34-104,7314923,230,1970-03-25,45,S,2022-07-19,14045,4,800.092.198-5,www.umariana.edu.co,1720,mu27,1720,nj3,ps2,adm74,nc1,est2
Carrera 9 No. 19-03 Campohermoso,8879680,314,1983-01-21,76,S,2019-05-15,4792,6,890806001-7,www.umanizales.edu.co,1722,mu18,1722,nj3,ps2,adm12,nc6,est2
Autopista a Piedecuesta Km. 7,6796220,48,1937-02-28,38,S,2018-10-24,17228,6,890.902.922-6,www.upb.edu.co,1723,mu65,1710,nj3,ps1,adm33,nc1,est2
"Calle Real de Ternera, Cartagena",6539599,1326,1975-03-25,37,S,2021-08-12,14620,6,890.307.400-1,www.usbctg.edu.co,1724,mu86,1718,nj3,ps1,adm58,nc6,est2
"Calle 13  4-31, Correspondencia: Cra.4 12-85",3343696,264,1972-02-04,39,N,,,,860.034.667,www.fuac.edu.co,1725,mu21,1725,nj3,ps2,adm19,nc6,est2
Carrera 46 #40B-50 Sector 3,5699090,2650,1983-02-24,51,S,2019-09-06,9522,4,890.984.746-7,www.uco.edu.co,1726,mu70,1726,nj3,ps2,adm12,nc6,est2
Kil¿metro 8 V¿a a Ceret¿,7905088,48,1937-03-28,27,S,2018-10-24,17228,6,890.902.922-6,www.upbmonteria.edu.co,1727,mu38,1710,nj3,ps1,adm49,nc6,est2
Calle 74 No. 14-14,3177536,16377,1984-10-29,143,S,2019-04-05,3659,6,860.351.894,www.usergioarboleda.edu.co,1728,mu21,1728,nj3,ps2,adm12,nc6,est2
"Av. Cra 9 No. 131 A - 02, Edificio Fundadores",6489000,11153,1978-08-04,133,S,2020-07-17,13172,6,860.066.789-6,www.unbosque.edu.co,1729,mu21,1729,nj3,ps2,adm12,nc6,est2
Km 1 V¿a Tienda Nueva Edif. Seminario Cristo Sacerdote Piso 2,2759370,48,1937-02-28,5,S,2018-10-24,17228,6,890.902.922-6,www.upb.edu.co,1730,mu83,1710,nj3,ps1,adm42,nc6,est2
Km. 21 Vía Carrera 7 La Caro,6766071,2271,1970-07-07,,N,,,,860.028.971,www.ucatolica.edu.co,1731,mu16,1719,nj3,ps1,adm64,nc6,est2
Calle 19 No. 11 - 64 Centro,7440404,3645,1965-08-06,39,S,2022-07-28,14525,8,860.012.357-6,www.ustatunja.edu.co,1732,mu33,1704,nj3,ps1,adm64,nc6,est2
"Calle 18 Carrera 15,  Esquina",4203838,16377,1984-10-29,22,S,2019-04-05,3659,6,860.351.894 -3,www.usergioarboleda.edu.co/santamarta,1733,mu60,1728,nj3,ps1,adm12,nc6,est2
Carrera 2a. Este No. 64-169,7450044,6553,1981-05-25,59,S,2022-07-19,14044,4,891.801.101-6,www.uniboyaca.edu.co,1734,mu33,1734,nj3,ps2,adm12,nc6,est2
Avenida Circunvalar No. 60 - 00,5460600,11110,1983-07-13,72,S,2019-12-27,2710,4,860.517.647-5,www.umb.edu.co,1735,mu21,1735,nj3,ps2,adm12,nc6,est2
Carrera 6 No. 13-40,3276999,47,1953-09-25,49,N,,,,860.015.685,www.ugc.edu.co,1801,mu21,1801,nj5,ps2,adm64,nc6,est2
"Av. Bolivar,  Carrera 14 No. 7-46",7460400,47,1953-09-25,27,N,,,,860.015.685,www.ugcarmen.edu.co,1802,mu54,1801,nj5,ps1,adm64,nc6,est2
Cra.5  59A-44,3488000,597,1965-02-12,82,S,2019-03-22,2955,8,860.015.542-6,www.lasalle.edu.co,1803,mu21,1803,nj5,ps2,adm64,nc6,est2
Calle 90  46-112,3671000,303,1967-04-03,45,N,,,,8901025729,www.uac.edu.co,1804,mu52,1804,nj5,ps2,adm57,nc6,est2
Carrera 62 Calle 5 Campus Pampalinda,5183000,2800,1959-09-02,95,S,2021-09-27,18144,4,890.303.797-1,www.usc.edu.co,1805,mu80,1805,nj5,ps2,adm64,nc6,est2
Calle 8 No. 5-80,3821000,192,1946-06-27,64,S,2021-08-25,15865,6,860.013.798-5,www.unilibre.edu.co,1806,mu21,1806,nj5,ps2,adm42,nc6,est2
Diagonal 37A No. 3-29  Santa Isabel,5578128,192,1946-06-27,47,S,2021-08-25,15865,6,860.013.798-5,www.unilibrecali.edu.co,1807,mu80,1806,nj5,ps1,adm42,nc6,est2
Km. 7 antigua v¿a Puerto Colombia,3598915,192,1946-06-27,52,S,2021-08-25,15865,6,860.013.798-5,www.unilibrebaq.edu.co,1808,mu52,1806,nj5,ps1,adm49,nc6,est2
Calle 40 Nº 7-30,3366019,192,1946-06-27,39,S,2021-08-25,15865,6,860.013.798-5,www.unilibrepereira.edu.co,1809,mu3,1806,nj5,ps1,adm49,nc6,est2
"Av. Canal Bogotá Margen Izquierdo, Intersección Benjamín Herrera",5790896,192,1946-06-27,34,S,2021-08-25,15865,6,860.013.798-5,www.unilibrecucuta.edu.co,1810,mu51,1806,nj5,ps1,adm42,nc6,est2
Campus Universitario Majavita,7296945,192,1946-06-27,15,S,2021-08-25,15865,6,860.013.798-5,www.unilibresoc.edu.co,1811,mu56,1806,nj5,ps1,adm49,nc6,est2
Carrera 87 No. 30-65 Los Alpes,3405555,103,1950-07-31,165,S,2021-04-30,7470,6,890.902.920-1,www.udem.edu.co,1812,mu29,1812,nj5,ps2,adm64,nc6,est2
Carrera 1 No. 18A-70,3394949,28,1949-02-23,188,S,2015-01-09,582,10,860.007.386-1,www.uniandes.edu.co,1813,mu21,1813,nj5,ps2,adm19,nc6,est2
Carrera 55A  49 - 51,5112199,203,1968-10-30,30,S,2022-05-16,8607,4,890905456-9,www.unaula.edu.co,1814,mu29,1814,nj5,ps2,adm2,nc6,est2
Carrera  9  45A-44,3322900,3681,1962-11-27,44,S,2021-09-27,18115,4,860.022.382-3,www.unipiloto.edu.co,1815,mu21,1815,nj5,ps2,adm19,nc6,est2
Calle 50  41-70,2391100,SIN DATO,2007-03-19,45,N,,,,860.029.924-7,www.ucc.edu.co,1816,mu29,1818,nj5,ps1,adm26,nc1,est2
Calle 30A  33-51,343825,SIN DATO,2007-03-19,25,N,,,,860.029.924-7,www.ucc.edu.co,1817,mu65,1818,nj5,ps1,adm26,nc1,est2
"Av. Caracas  No. 44-21, Recibo Correspondencia: Av. Caracas No. 37-63",3323565,SIN DATO,2007-03-19,157,N,,,,860.029.924-7,www.ucc.edu.co,1818,mu21,1818,nj5,ps2,adm26,nc1,est2
Calle 57 entre carrerras 24 y 27 Barrio G,213277,SIN DATO,2007-03-19,7,N,,,,860.029.924-7,ucc.edu.co,1819,mu8,1818,nj5,ps1,adm26,nc1,est2
Troncal del Caribe Sector Mamatoco,4331715,SIN DATO,2007-03-19,18,N,,,,860.029.924-7,www.ucc.edu.co,1820,mu60,1818,nj5,ps1,adm26,nc1,est2
Cra. 19  17-33 Barrio Las Quintas,8332845,3681,1962-11-27,10,N,,,,860.022.382-3,www.unipiloto.edu.co,1822,mu19,1815,nj5,ps1,adm19,nc6,est2
Calle 48  39-234,6436111,3284,1956-12-21,114,S,2017-05-25,10820,6,890.200.499-9,www.unab.edu.co,1823,mu65,1823,nj5,ps2,adm64,nc6,est2
Calle 76 No. 42-78,3587889,1052,1974-02-25,23,N,,,,890.105.361-5,www.unimetro.edu.co,1824,mu52,1824,nj5,ps2,adm12,nc6,est2
Antigua Estacion del Ferocarril,8727272,1549,1981-02-25,72,S,2019-09-06,9527,6,890.805.051-0,www.autonoma.edu.co,1825,mu18,1825,nj5,ps2,adm12,nc6,est2
Carrera 38  58 A 77,3152973,4571,1977-05-24,137,S,2019-04-22,4141,4,860.056.070-7,www.uan.edu.co,1826,mu21,1826,nj5,ps2,adm48,nc6,est2
Carrera 23  60-63,8933050,271,1962-06-19,37,S,2019-12-09,13600,4,890806477-9,www.ucm.edu.co,1827,mu18,1827,nj5,ps2,adm72,nc8,est2
Calle 18 No.122-135 (Pance),5552369,11677,1979-07-12,128,S,2021-12-10,23652,8,890.316.745-5,www.icesi.edu.co,1828,mu80,1828,nj5,ps2,adm12,nc6,est2
Carrera 30 Calle 38 Esquina,2712617,2800,1959-09-02,12,N,,,,8903037971,www.usc.edu.co/palmira,1829,mu83,1805,nj5,ps1,adm64,nc6,est2
Calle 25 115 - 85  Km. 2 Vía Jamundí,3188000,618,1970-02-20,146,S,2021-11-30,23002,4,890.305.881-1,www.uao.edu.co,1830,mu80,1830,nj5,ps2,adm25,nc6,est2
"Barrio Ambala, Carrera 22 Calle 67",2760010,1867,1981-02-27,32,S,2019-10-03,10440,4,890.704.382-1,www.unibague.edu.co,1831,mu53,1831,nj5,ps2,adm12,nc6,est2
"Campus de Ternera, Vía a Turbaco Km. 1",6535200,961,1970-10-26,63,S,2019-04-24,4182,4,890.401.962,www.unitecnologica.edu.co,1832,mu86,1832,nj5,ps2,adm45,nc6,est2
Carrera 1W Calle 38 Barrio Juan XXIII,7840340,12154,1977-10-27,55,S,2019-06-13,6197,4,891.000.692-1,www.unisinu.edu.co,1833,mu38,1833,nj5,ps2,adm58,nc6,est2
Calle 30 No. 20 -71,6562403,12154,1977-10-27,51,N,,,,891.000.692-1,www.unisinucartagena.edu.co,1834,mu86,1833,nj5,ps1,adm58,nc6,est2
Calle 222  54-37,6684700,7392,1983-05-20,50,S,2019-12-27,17390,4,860.403.721.2,www.udca.edu.co,1835,mu21,1835,nj5,ps2,adm12,nc6,est2
Calle 14 No 14-23 Sur,3443700,52,1981-07-07,84,S,2021-12-29,25081,4,860.512.780-4,www.unad.edu.co,2102,mu21,2102,nj2,ps2,adm6,nc2,est2
Calle 44 # 53 - 37 CAN,2202790,19,1958-12-18,26,N,,,,899.999.054-7,www.esap.edu.co,2104,mu21,2104,nj2,ps2,adm34,nc2,est2
Transversal 33 47A-35 Sur Barrio F¿tima,3159136,14,1919-09-08,63,S,2022-03-01,2286,4,900373379-0,www.policia.edu.co,2106,mu21,2106,nj2,ps2,adm6,nc2,est2
Calle 65  77-126 Robledo,4225252,48,1945-12-17,20,S,2020-07-17,13165,6,890.980.134-1,www.colmayor.edu.co,2110,mu29,2110,nj1,ps2,adm6,nc2,est2
Calle 56 (Bolivia)  45-34,2543780,19,1958-12-18,,N,,,,899.999.054-7,www.esap.edu.co,2111,mu29,2104,nj2,ps1,adm47,nc2,est2
Calle  9  34-01,566411,3115,1984-12-21,14,N,,,,805.001.868,www.endeporte.edu.co,2114,mu80,2114,nj1,ps2,adm27,nc8,est2
Avenida 2a. Norte  7N-28,4883030,8,1936-09-16,4,N,,,,890.325.989-3,www.bellasartes.edu.co,2206,mu80,2206,nj4,ps2,adm63,nc5,est2
"Centro de Investigaciones Santa Lucia, Kim. 14, via Bucaramanga,",6025185,331,1987-11-19,28,N,,,,800.024.581-3,www.unipaz.edu.co,2207,mu8,2207,nj4,ps2,adm54,nc1,est2
Calle 9  1-18,2613118,42,1980-12-10,5,S,2022-08-02,15157,4,890.700.906-0,www.conservatoriodeltolima.edu.co,2208,mu53,2208,nj4,ps2,adm73,nc5,est2
Carrera 48  7-151,3105133,33,1964-01-27,52,S,2022-08-02,15158,4,890.980.136-6,www.politecnicojic.edu.co,2209,mu29,2209,nj4,ps2,adm30,nc8,est2
Carrera 9 No.39-12,6600391,35,1990-12-03,6,N,,,,890.480.308-0,www.unibac.edu.co,2211,mu86,2211,nj4,ps2,adm31,nc5,est2
Carrera 27 A No.48-144 Km.1 salida Sur Tulu¿,2242200,24,1971-06-30,24,N,,,,891.900.853-0,www.uceva.edu.co,2301,mu32,2301,nj1,ps2,adm23,nc4,est2
Cra. 27B N¿ 39 A sur 57,3391010,44,2007-03-19,30,S,2022-06-29,12511,4,811.000.278-2,www.iue.edu.co,2302,mu84,2302,nj1,ps2,adm46,nc4,est2
Carrera 9  13-40 Piso 4,6683535,1384,1975-04-01,23,N,,,,NO INFORMA,www.odontologico.edu.co,2701,mu21,2701,nj3,ps2,adm58,nc6,est2
Carrera 19  8A-32,4375401,10917,1976-12-01,80,S,2019-12-09,13601,4,860051853-4,www.fucsalud.edu.co,2702,mu21,2702,nj3,ps2,adm58,nc6,est2
Calle 35 No. 6-16,3395300,5157,1975-08-29,13,S,2019-11-25,12334,4,860.045.740,www.cesa.edu.co,2704,mu21,2704,nj3,ps2,adm58,nc6,est2
Carrera 111 No. 159 A 61 (Av. Corpas Km. 3 Suba),6813085,2105,1974-03-29,15,S,2021-09-27,18142,6,860.038.374-4,www.juancorpas.edu.co,2707,mu21,2707,nj3,ps2,adm58,nc6,est2
Calle 10A  22-04,4440555,11154,1978-08-04,124,S,2019-12-09,13602,6,890.984.002-6,www.ces.edu.co,2708,mu29,2708,nj3,ps2,adm58,nc6,est2
Carrera 18 No. 80-45,5301001,12387,1981-08-18,21,N,,,,860.503.634-9,www.sanmartin.edu.co,2709,mu21,2709,nj3,ps2,adm58,nc6,est2
Calle 72  11-41,2494959,1381,1983-02-03,17,N,,,,860.513.077-9,www.unimonserrate.edu.co,2710,mu21,2710,nj3,ps2,adm58,nc6,est2
Avenida de las Am¿ricas Cra. 21  49-95,3124000,10918,1976-12-01,38,N,,,,891.408.261-1,www.ucp.edu.co,2711,mu3,2711,nj3,ps2,adm58,nc6,est2
Carrera 9 Bis  62-43,3472311,18537,1981-11-04,18,S,2022-04-08,5311,8,860.504.759-5,www.konradlorenz.edu.co,2712,mu21,2712,nj3,ps2,adm58,nc6,est2
Carrera 16  63A-68,2544750,7542,1982-05-18,56,S,2022-08-05,15638,4,860507903-3,https://www.ulibertadores.edu.co,2713,mu21,2713,nj3,ps2,adm12,nc6,est2
Los Robles Km.. 8 vía al Sur,8238025,10161,1983-06-28,31,N,,,,891.501.835-6,www.fup.edu.co,2715,mu1,2715,nj3,ps2,adm58,nc6,est2
Calle 10 8-95,2825336,9419,1983-06-16,,N,,,,899999326-5,No disponible,2716,mu21,2716,nj3,ps2,adm58,nc6,est1
Ciudad Universitaria-Malaga,607353,11815,1982-08-07,,N,,,,* *,1,2717,mu71,2717,nj3,ps2,adm58,nc6,est1
Transversal  51A  67B - 90,4487666,17701,1984-11-09,88,N,,,,890.985.189-9,www.ucatolicaluisamigo.edu.co,2719,mu29,2719,nj3,ps2,adm58,nc6,est2
Carrera 11 11-16,7470333,2085,1987-03-24,40,N,,,,800057330 -3,www.jdc.edu.co,2720,mu33,2720,nj3,ps2,adm12,nc6,est2
Calle 56  41-90,4025500,17996,1987-11-17,28,N,,,,800.036.781-1,www.fumc.edu.co,2721,mu29,2721,nj3,ps2,adm12,nc6,est2
Vereda Periconegro,,9111,1988-07-11,,N,,,,800053190-0,www.cubr.edu.co,2722,mu37,2722,nj3,ps2,adm12,nc6,est2
Calle 170 No. 54 A -10,6671515,2599,1986-03-13,21,N,,,,860531081-5,www.uniagraria.edu.co,2723,mu21,2723,nj3,ps2,adm58,nc6,est2
Km. 2  via San Gil - Charal¿,7245757,10989,1991-10-18,39,N,,,,800.152.840-4,www.unisangil.edu.co,2724,mu5,2724,nj3,ps2,adm12,nc6,est2
Calle 57  3-00 Este,7455555,19349,1980-11-04,123,N,,,,860.078.643-1,www.poli.edu.co,2725,mu21,2725,nj3,ps2,adm12,nc6,est2
Calle 77 sur No. 40 -165,3056100,6266,1983-05-04,28,S,2022-01-21,679,4,890910961-7,www.ceipa.edu.co,2727,mu57,2727,nj3,ps2,adm58,nc6,est2
Clle 71 No. 13-21,3458443,22215,1983-12-09,85,S,2021-07-27,13718,4,860.517.302-1,https://www.areandina.edu.co/,2728,mu21,2728,nj3,ps2,adm58,nc6,est2
Avenida Cra. 15   151-68,6270649,5090,1995-11-03,10,N,,,,830.011.184-5,www.ecr.edu.co,2730,mu21,2730,nj3,ps2,adm58,nc6,est2
Carrera 122  12 - 459 Pance,5552767,944,1996-03-19,25,N,,,,800.185.664-6,www.unicatolica.edu.co,2731,mu80,2731,nj3,ps2,adm58,nc6,est2
Carrera 21  34B -  07,8609822,1671,1997-05-20,29,N,,,,811.010.001-2,www.ucn.edu.co,2732,mu17,2732,nj3,ps2,adm58,nc6,est2
Calle 37  22 - 47,2445053,3296,2000-12-07,6,N,,,,830.081.981 -8,www.fusa.edu.co,2733,mu21,2733,nj3,ps2,adm58,nc6,est2
Calle 76 No. 87 - 14,2640303,3298,2000-12-07,3,N,,,,811.026.923,www.unisbc.edu.co,2736,mu29,2736,nj3,ps2,adm12,nc6,est2
Calle 24 No.8-55,3339560,22215,1983-12-09,27,S,2021-07-27,13718,4,860.517.302-1,https://www.areandina.edu.co/,2737,mu3,2728,nj3,ps1,adm58,nc6,est2
Carrera 33 A No.30-20,5082244,598,2001-04-02,18,N,,,,830.084.876.6,www.uniempresarial.edu.co,2738,mu21,2738,nj3,ps2,adm12,nc6,est2
Carrera 111  101-64 Barrio Los Pinos,8286999,596,2001-04-02,7,N,,,,811028521-1,www.fesu.edu.co,2739,mu49,2739,nj3,ps2,adm58,nc6,est2
Avenida 19  2-49 Piso 2,2811777,849,2001-05-08,3,N,,,,830.088.283,www.unica.edu.co,2740,mu21,2740,nj3,ps2,adm58,nc6,est2
Carrera 7  10-37,2485862,1495,2001-07-23,5,N,,,,809008799-7,www.fundes.edu.co,2741,mu55,2741,nj3,ps2,adm58,nc6,est2
Carrera 19  39 - 40,6320700,1311,2002-06-11,24,N,,,,844.002.071 -4,www.unitropico.edu.co,2743,mu45,2743,nj4,ps2,adm12,nc6,est2
Carrera 20A  14-54,7206859,10735,1982-06-26,20,N,,,,800109387-7,www.iucesmag.edu.co,2744,mu27,2744,nj3,ps2,adm58,nc6,est2
Av. 32   17-30,3380606,23635,1981-12-23,100,N,,,,860.506.140-6,www.unipanamericana.edu.co,2745,mu21,2745,nj3,ps2,adm58,nc6,est2
Calle 170 # 08-41,5895377,3015,2002-12-23,31,N,,,,830.113.458 - 6,www.unisanitas.edu.co,2746,mu21,2746,nj3,ps2,adm12,nc6,est2
Circular 73  35 -04,4114848,12998,1985-08-12,32,N,,,,890.985.417-3,www.uam.edu.co,2747,mu29,2747,nj3,ps2,adm58,nc6,est2
Carrera 56 (Av. Guadalupe)  1B-112,5132320,1427,2003-06-24,4,N,,,,805.027.579-1,www.funibautista.edu.co,2748,mu80,2748,nj3,ps2,adm12,nc6,est2
Carrera 70  52-49 Barrio Los Colores,4600700,1104,1997-04-17,32,N,,,,811028188-1,www.iush.edu.co,2749,mu29,2749,nj3,ps2,adm58,nc6,est2
Carrera 59 No.59-92,3441265,1318,1972-11-15,125,S,2021-08-25,15867,8,890.104.633-9,www.unisimonbolivar.edu.co,2805,mu52,2805,nj5,ps2,adm28,nc6,est2
Calle 58  55-66,3440983,352,1971-04-23,92,S,2019-09-06,9521,4,890.104.530-9,www.cuc.edu.co,2810,mu52,2810,nj5,ps2,adm20,nc6,est2
AK 45  205-59 (Autopista Norte - Km.13),6683600,86,1973-01-19,33,S,2019-03-18,2710,6,860.034.811,www.escuelaing.edu.co,2811,mu21,2811,nj5,ps2,adm19,nc6,est2
Carrera 11 No 78-47,5936160,2898,1969-05-16,113,S,2021-12-10,23654,6,860.026.058,www.ean.edu.co,2812,mu21,2812,nj5,ps2,adm64,nc6,est2
Calle 23 AA Sur Nro. 5-200 variante aeropuerto Jos¿ Mar¿a C¿rdova,354 9090,20120,1979-11-12,34,S,2017-12-18,28480,6,890.983.722-6,www.eia.edu.co,2813,mu84,2813,nj5,ps2,adm12,nc6,est2
Cra 84 No. 33 AA - 01,2508328,8529,1983-06-06,19,N,,,,No Informa,www.unac.edu.co,2815,mu29,2815,nj5,ps2,adm58,nc6,est2
Cra. 14  27-80 Santa Rosa de Cabal,643000,6387,1982-05-03,20,N,,,,891.409.768-8,www.unisarc.edu.co,2818,mu48,2818,nj5,ps2,adm12,nc6,est2
Carrera  51  118 Sur-57,3000200,9887,1983-06-22,21,N,,,,890.984.812-5,www.lasallista.edu.co,2820,mu41,2820,nj5,ps2,adm12,nc6,est2
"Avenida  Calle 100  18A - 51, Oficina 306",6449552,1590,1977-02-25,1,N,,,,860.054.986-9,www.institutobarraquer.com,2822,mu21,2822,nj5,ps2,adm12,nc6,est2
Carretera Troncal Occidente Vía Corozal,2804011,7786,1978-06-05,41,N,,,,892.201.263-1,www.cecar.edu.co,2823,mu67,2823,nj5,ps2,adm58,nc6,est2
Calle 69  No. 10A-¿36,6061102,22185,1984-12-18,1,N,,,,860.524.958,www.ideas.edu.co,2824,mu21,2824,nj5,ps2,adm58,nc6,est2
"Edificio Rafael Nuñez, Centro Calle de la Soledad No. 5-70",6607777,6644,1985-06-05,22,N,,,,890.481.276-8,www.curn.edu.co,2825,mu86,2825,nj5,ps2,adm12,nc6,est2
Carrera 33 No. 34-06 Edificio H¿roes del Pantano de Vargas,6681525,12249,1985-08-05,28,N,,,,892.099.267-1,www.unimeta.edu.co,2827,mu63,2827,nj5,ps2,adm58,nc6,est2
Calle 21  6-01,8754220,21000,1989-12-22,18,N,,,,800.107.584-2,www.corhuila.edu.co,2828,mu28,2828,nj5,ps2,adm58,nc6,est2
Calle 81 B No. 72 B - 70,2916520,10345,1990-08-01,216,N,,,,800.116.217-2,www.uniminuto.edu,2829,mu21,2829,nj5,ps2,adm12,nc6,est2
Calle 67   5-27,3489292,428,1982-01-28,58,N,,,,860.503.837-7,https://www.ibero.edu.co/,2830,mu21,2830,nj5,ps2,adm12,nc6,est2
Calle 74  15-73,3220055,20,1996-01-05,18,N,,,,830018780-7,www.uniciencia.edu.co,2831,mu21,2831,nj5,ps2,adm12,nc6,est2
Calle 70 No. 55-210 Lagos del Cacique,6516500,810,1996-03-12,106,S,2021-12-10,23656,6,804001890-1,www.udes.edu.co,2832,mu65,2832,nj5,ps2,adm58,nc6,est2
"Calle 51  51-27, Edificio Coltabaco, Torre 1",5111000,2661,1996-06-21,98,N,,,,811005425-1,www.remington.edu.co,2833,mu29,2833,nj5,ps2,adm12,nc6,est2
Av Ciudad de Cali No 11B-95,4193200,6651,1996-12-26,26,N,,,,NO INFORMA,www.uniagustiniana.edu.co,2834,mu21,2834,nj5,ps2,adm58,nc6,est2
Km. 14   2-29 South End,5130355,6278,2007-03-19,,N,,,,NO INFORMA,No disponible,2835,mu7,2835,nj5,ps2,adm58,nc6,est1
Carrera 50  79 - 155,4242226,3062,1999-12-02,9,N,,,,819003405,www.cunivemsa.edu.co,2836,mu52,2836,nj5,ps2,adm58,nc6,est2
Carrera 7  19-38,2862384,3061,1999-12-02,28,N,,,,830.065.186-1,www.urepublicana.edu.co,2837,mu21,2837,nj5,ps2,adm58,nc6,est2
Km 7. Vía Las Palmas,3547120,1989,2000-07-11,10,N,,,,811.024.158,www.colegiatura.edu.co,2838,mu29,2838,nj5,ps2,adm58,nc6,est2
Avenida Bolivar #1-189,7450025,439,2001-03-14,11,N,,,,no disponible,www.uempresarial@cue.edu.co,2840,mu54,2840,nj5,ps2,adm12,nc6,est2
Carrera 45   22 D - 25,4623131,1634,2002-07-17,29,N,,,,800.116.217 - 2,www.uniminuto.edu,2841,mu61,2829,nj5,ps1,adm58,nc6,est2
Carrera 38 74-179,3680130,1021,2002-05-14,21,N,,,,802017254-8,www.unireformada.edu.co,2842,mu52,2842,nj5,ps2,adm12,nc6,est2
Calle 9  23-55,6352525,22195,1985-12-20,53,N,,,,890.212.433-5,www.udi.edu.co,2847,mu65,2847,nj5,ps2,adm58,nc6,est2
Calle 76   12-58,5939393,2012,1982-03-02,39,N,,,,860.510.627-6,www.unitec.edu.co,2848,mu21,2848,nj5,ps2,adm58,nc6,est2
Calle 5  3-85,8213000,13002,1984-08-30,24,N,,,,891.501.766-6,www.uniautonoma.edu.co,2849,mu1,2849,nj5,ps2,adm12,nc6,est2
Carrera 21 25-59 La María,2812282,2302,2003-09-26,35,N,,,,823.004.609 D.V.9,www.corposucre.edu.co,2850,mu67,2850,nj5,ps2,adm12,nc6,est2
Carrera 8a No. 101-33,6017515,020,1964-11-02,8,N,,,,800131292,www.esici.edu.co,2901,mu21,2901,nj2,ps2,adm14,nc1,est2
"Calle 11 Sur  10-50 Este, San Cristóbal",3370207,015,1995-12-28,3,N,,,,800131180,No disponible,2902,mu21,2902,nj2,ps2,adm14,nc1,est2
Calle 5 No. 15-00,8422020,30,1992-12-28,,N,,,,800131179,www.escom.mil.co,2903,mu20,2903,nj2,ps2,adm6,nc2,est1
Carrera 11 102-50,6204066,453,1909-05-01,6,N,,,,830002634-1,www.esdegue.mil.co,2904,mu21,2904,nj2,ps2,adm29,nc8,est2
Calle 102 7-80,6208549,10,1999-11-23,10,N,,,,830028487,www.cemil.mil.co,2905,mu21,2905,nj2,ps2,adm8,nc1,est2
"Carrera 11 102 - 50 Edificio ESDEGUE, Of.412",6204066,1906,2002-08-05,4,N,,,,830.030.378 - 8,www.epfac.edu.co,2906,mu21,2906,nj2,ps2,adm52,nc6,est2
Calle  8   No.8-155,682597,2365,1956-09-18,13,N,,,,890.501.578,www.iser.edu.co,3102,mu44,3102,nj4,ps2,adm27,nc8,est2
Calle de la Factor¿a  35-95,6644060,48,1945-12-17,17,N,,,,890.480.054-5,www.colmayorbolivar.edu.co,3103,mu86,3103,nj1,ps2,adm43,nc2,est2
"Cra.5#5-40 (SEDE PPAL), Calle 3#6-42 (CASA OB",8241109,524,1966-12-15,15,N,,,,891500759-1,www.colmayorcauca.edu.co,3104,mu1,3104,nj4,ps2,adm52,nc1,est2
Calle 73 No. 73A-226,4480520,108,1950-01-18,43,S,2022-06-29,12512,6,890.980.153,www.pascualbravo.edu.co,3107,mu29,3107,nj2,ps2,adm13,nc8,est2
Vía 40 Calle 58,3444410,0743,1992-02-14,21,S,2022-03-11,3319,4,NO INFORMA,www.armada.mil.co,3114,mu52,3114,nj2,ps2,adm14,nc1,est2
Barrio la Esmeralda aire libre,4296105,65,1989-12-11,26,N,,,,800.247.940-1,www.itp.edu.co,3115,mu40,3115,nj4,ps2,adm47,nc2,est2
Via Canal C Granja Versalles,4296105,65,1989-12-11,,N,,,,800.247.940-1,www.itp.edu.co,3116,mu12,3115,nj4,ps1,adm47,nc2,est2
"Cra 45 N¿48-31 Barrio El Carmen, Barranquilla",3112370,391,1997-07-23,31,N,,,,802.011.065,www.itsa.edu.co,3117,mu52,3117,nj1,ps2,adm47,nc2,est2
Calle de los Estudiantes No.9 - 82,6413000,90,1963-12-23,48,N,,,,890.208.727,www.uts.edu.co,3201,mu65,3201,nj4,ps2,adm7,nc5,est2
Calle 78B  72A-220,4443700,262,1979-02-28,52,S,2020-07-17,13167,8,890905419-6,www.tdea.edu.co,3204,mu29,3204,nj4,ps2,adm30,nc8,est2
Av. 6ª  28N-102 Barrio San Vicente,6882828,29,1993-12-21,42,N,,,,805.000.889-0,www.uniaj.edu.co,3301,mu80,3301,nj1,ps2,adm65,nc4,est2
Calle 73 NO. 76A-354 Vía al Volador,4405100,42,1991-09-18,57,S,2020-07-24,13595,8,800214750-7,www.itm.edu.co,3302,mu29,3302,nj1,ps2,adm44,nc4,est2
Calle 38 Sur  44 - 120 Barrio Alcala,3330381,38,2003-09-25,15,N,,,,811.042.967-9,www.ladebora.edu.co,3303,mu84,3303,nj1,ps2,adm69,nc4,est2
Carrera 14   80 - 35,6913862,6845,1976-08-27,8,N,,,,NO INFORMA,www.faba.edu.co,3702,mu21,3702,nj3,ps2,adm58,nc6,est2
Calle 50   40-39,2161700,126,1970-09-16,17,N,,,,NO INFORMA,www.escolme.edu.co,3703,mu29,3703,nj3,ps2,adm2,nc6,est2
Carrera 44 D  30 A-91,6723700,9299,1984-07-13,43,N,,,,890.481.183-1,www.tecnologicocomfenalco.edu.co,3705,mu86,3705,nj3,ps2,adm12,nc6,est2
Calle 9B  29A-67 Champag?at,6842424,11967,1984-08-21,15,N,,,,NO INFORMA,www.cecep.edu.co,3706,mu80,3706,nj3,ps2,adm58,nc6,est2
Calle del Cuartel 36-54,6600671,322,1985-01-23,89,S,2019-12-10,13660,4,890.481.264,www.tecnar.edu.co,3710,mu86,3710,nj3,ps2,adm58,nc6,est2
"Calle 61  11-09 , sede Carrera 18  38-19",3472927,4124,1984-04-24,19,N,,,,86.040.457,www.cidca.edu.co.,3712,mu21,3712,nj3,ps2,adm12,nc6,est2
Avenida 39  15-58,3323500,16971,1981-10-09,20,N,,,,860.504.360,www.inpahu.edu.co,3713,mu21,3713,nj3,ps2,adm12,nc6,est2
Avenida 3 Norte 44-100 Barrio La Merced,6656575,10436,1991-04-10,11,N,,,,800.147.711-2,www.tecnologicadelpacifico.edu.co,3715,mu80,3715,nj3,ps2,adm58,nc6,est2
Calle 58 32-16 Barrio Conucos,6431301,5,1992-01-03,18,N,,,,800.189.702-6,www.fitec.edu.co,3716,mu65,3716,nj3,ps2,adm58,nc6,est2
Avenida 5#15-27 CENTRO,5829292,4172,1993-08-25,34,N,,,,800.235.151-5,www.fesc.edu.co,3718,mu51,3718,nj3,ps2,adm58,nc6,est2
Calle 46 No. 3-05,5737488,8530,1983-06-06,10,N,,,,860516428-4,www.unilatina.edu.co,3719,mu21,3719,nj3,ps2,adm58,nc6,est2
Calle 76  80-126 Carretera al Mar,2646011,2389,1975-05-12,27,N,,,,890981796-1,www.esumer.edu.co,3720,mu29,3720,nj3,ps2,adm12,nc6,est2
Cra. 27 # 46-69,3408279,1832,2001-08-21,,N,,,,830.091.538-0,www.eurocol.edu.co,3723,mu21,3723,nj3,ps2,adm12,nc6,est1
Sede Administrativa:  Carrera 17 36-32 Bogotá,7027455,1833,2001-08-21,,N,,,,832.005.942-4,www.ftm.edu.co,3724,mu64,3724,nj3,ps2,adm58,nc6,est2
Carrera 10 No.23-32,7426477,1327,2005-04-20,10,N,,,,900019885-1,www.tecnologicafusfa.edu.co,3725,mu21,3725,nj3,ps2,adm12,nc6,est2
Calle 10  3-95,2111804,3712,1971-09-21,14,N,,,,891.401.313-4,www.cotecnova.edu.co,3801,mu62,3801,nj5,ps2,adm18,nc6,est2
Calle 48 No. 77 C ¿ 32,4440510,12571,1976-12-20,,N,,,,890.982.606-5,www.cedesistemas.edu.co,3802,mu29,3802,nj5,ps2,adm58,nc6,est2
Calle 14 Norte  8N -35 Barrio Granada,6671111,7464,1978-06-12,13,N,,,,NO INFORMA,wwww.cecs.edu.co,3803,mu80,3803,nj5,ps2,adm58,nc6,est2
"Calle 19 Norte 5AN 37, Barrio Versalles",4893450,9872,1977-09-13,,N,,,,890.317.735-6,www.idee.edu.co,3805,mu80,3805,nj5,ps2,adm12,nc6,est1
Avenida 6N No. 23DN-16 Barrio Versalles,6679911,4158,1975-07-09,5,N,,,,890309555-3,www.eae.edu.co,3806,mu80,3806,nj5,ps2,adm58,nc6,est2
Carrera 80B No. 32EE-61,4445016,3745,1975-06-25,5,N,,,,890.981.721-1,www.etdea.edu.co,3807,mu29,3807,nj5,ps2,adm58,nc6,est2
Carrera 21 53D-35,3483061,6271,1983-05-10,9,N,,,,860.404.351-5,www.ctb.edu.co,3808,mu21,3808,nj5,ps2,adm58,nc6,est2
Carrera 72A No 24 - 72 Torre 7 Oficina 204,3134568263,1667,1971-06-15,4,N,,,,860.032.286-7,www.icsef.edu.co,3809,mu21,3809,nj5,ps2,adm64,nc6,est2
Calle de los Estudiantes  10-20 Ciudadela,6445323,41,1972-03-08,8,N,,,,890.203.706-2,www.itae.edu.co,3810,mu65,3810,nj5,ps2,adm53,nc6,est2
Calle 10 #29-93/33 Barrio El Reposo,2513266,9702,1981-07-08,5,N,,,,890.704.562-9,www.coreducacion.edu.co,3811,mu46,3811,nj5,ps2,adm12,nc6,est2
Calle 48  50-30,4500040,5060,1986-05-20,17,N,,,,890.985.856-3,www.pmfs.edu.co,3812,mu61,3812,nj5,ps2,adm12,nc6,est2
Calle 19  27-80,232452,1054,1983-02-01,18,N,,,,NO INFORMA,www.aunar.edu.co,3817,mu27,3817,nj5,ps2,adm12,nc6,est2
Avenida Calle 63 #22-39,4856565,1048,1987-02-16,24,N,,,,800.003.963-5,www.teinco.edu.co,3819,mu21,3819,nj5,ps2,adm12,nc6,est2
Carrera 42  47-82 Centro,2171005,13298,1986-10-24,2,N,,,,NO INFORMA,www.atec.edu.co,3820,mu29,3820,nj5,ps2,adm12,nc6,est2
Cra. 38 No. 79A-167 Claustro de Santa Bernardita,3361800,5814,1988-05-24,22,N,,,,800.036.652-1,www.pca.edu.co,3821,mu52,3821,nj5,ps2,adm12,nc6,est2
Calle 13 No.68D-60,3196383077,1643,1988-03-02,5,N,,,,800029090-1,www.icaft.edu.co,3822,mu21,3822,nj5,ps2,adm58,nc6,est2
Carrera 14A 57-43,7030040,2214,1988-03-18,,N,,,,800.042.129-3,http://unaes.edu.co/,3823,mu21,3823,nj5,ps2,adm58,nc6,est1
Calle 16 # 7-76,7434541,9121,1990-07-11,5,N,,,,800.113.262-0,www.eciem.edu.co,3824,mu21,3824,nj5,ps2,adm58,nc6,est2
Calle 41  27A-56 La Soledad,3689618,1567,1977-03-25,34,N,,,,860.053.914-4,www.cide.edu.co,3826,mu21,3826,nj5,ps2,adm64,nc6,est2
Transversal 18 A Bis N¿ 37 - 11,3209056263,9097,1979-06-04,15,N,,,,860070298-7,www.psb.edu.co,3827,mu21,3827,nj5,ps2,adm12,nc6,est2
Carrera 5 No. 23-16,7564030,5050,1993-09-22,2,N,,,,805.001.162-1,www.tecnologica.edu.co,3828,mu21,3828,nj5,ps2,adm58,nc6,est2
calle 52 No 22 - 50,2451333,5460,1993-10-01,,N,,,,800210541-6,www.jfk.edu.co,3829,mu21,3829,nj5,ps2,adm12,nc6,est2
Calle 34  15-36,5780330,2286,1983-02-21,6,N,,,,860.514.382-5,www.coruniversitec.edu.co,3830,mu21,3830,nj5,ps2,adm12,nc6,est2
Calle 4   No. 8 - 30,8220517,597,2001-04-02,19,S,2022-06-29,12513,4,817.004.535,www.unicomfacauca.edu.co,3831,mu1,3831,nj5,ps2,adm12,nc6,est2
Calle 9 9B-27 Barrio Santa Clara,7745524,1027,2007-03-19,,N,,,,812.005.728-1,No disponible,3832,mu73,3832,nj5,ps2,adm58,nc6,est1
Calle 50 39-203 Barrio El Mojón,4534666,1859,2007-03-19,,N,,,,811029934-2,No disponible,3833,mu24,3833,nj5,ps2,adm58,nc6,est1
Calle 20  5-07  Llano de Bolivar,8533489,44,2002-01-17,2,N,,,,811.039.347-1,No disponible,3834,mu75,3834,nj5,ps2,adm58,nc6,est2
"Carretera Troncal vía Lorica, Coveñas - Sucre",2880265,SIN DATO,2007-03-19,3,S,2020-07-17,13174,4,800141688,www.armada.mil.co,3901,mu59,3901,nj2,ps2,adm26,nc1,est2
Fuerte Militar de Tolemaida,8383002,SIN DATO,2007-03-19,5,N,,,,808000211,www.emsub.edu.co,3902,mu30,3902,nj2,ps2,adm26,nc1,est2
Carrera 7 10-20 Roldanillo,2298586,1093,1979-05-17,37,N,,,,891.902.811-0,www.intep.edu.co,4101,mu42,4101,nj4,ps2,adm27,nc8,est2
Carrera 13 7A-61 Barrio 20 de Julio,7740098,1098,1979-03-17,12,N,,,,860.402.193-9,www.infotep.edu.co,4102,mu15,4102,nj2,ps2,adm27,nc8,est2
Barrio Sarie Bay con Av. Colombia,5125916,176,1980-01-29,8,N,,,,892.400.461.5,www.infotepsai.edu.co,4106,mu7,4106,nj2,ps2,adm13,nc8,est2
Carrera 13   Calle 26C,2360673,603,1966-03-14,14,N,,,,800.124.023-4,www.ita.edu.co,4107,mu39,4107,nj1,ps2,adm27,nc8,est2
Calle 13 No.16-74,3443000,146,1905-02-09,20,N,,,,860.523.694-6,www.itc.edu.co,4108,mu21,4108,nj2,ps2,adm13,nc8,est2
Avenida 4 Norte # 34AN-18 Barrio Prados de¿ Norte Comuna No 02,6553333,20500,1979-11-16,17,N,,,,800.248.004-7,www.intenalco.edu.co,4109,mu80,4109,nj2,ps2,adm62,nc6,est2
Calle 18 Carrera 1ª Barrio Arkabal,2483501,3462,1980-12-24,25,N,,,,800.173.719-0,www.itfip.edu.co,4110,mu55,4110,nj2,ps2,adm27,nc8,est2
Calle 10 12-22 Plaza del Centenario,4240800,3506,1981-12-10,10,N,,,,891.701.932-0,www.infotephvg.edu.co,4111,mu36,4111,nj4,ps2,adm27,nc8,est2
Carrera 5 # 6-30,8555118,37,1985-01-08,35,N,,,,890.802.678-4,www.iescinoc.edu.co,4112,mu74,4112,nj4,ps2,adm13,nc8,est2
Calle 51 No. 48 - 31,2198444,11,1980-12-05,,N,,,,NO INFORMA,uniteps@col2.telecom.com.co,4301,mu31,4301,nj1,ps2,adm44,nc4,est2
Calle 27 Norte No. 6BN-50,6874100,18638,1984-11-19,8,N,,,,NO INFORMA,www.fadp.edu.co,4701,mu80,4701,nj3,ps2,adm58,nc6,est2
Calle  67   14A-29,3470000,14878,1984-10-05,43,N,,,,860.524.219-5,No disponible,4702,mu21,4702,nj3,ps2,adm58,nc6,est2
Carrera 48  No.91-16,6369260,21994,1985-12-20,2,N,,,,860.533.613-2,No disponible,4704,mu21,4704,nj3,ps2,adm58,nc6,est2
Calle 94 #11-29 oficina 407 Barrio Chic¿,2483613,1000,1983-02-01,1,N,,,,860.512.509-4,www.cedinpro.edu.co,4705,mu21,4705,nj3,ps2,adm58,nc6,est2
Ava. 13 (Autopista Norte)  106-63,6184710,2285,1983-02-21,,N,,,,860.350.003-3,www.ecotet.com,4708,mu21,4708,nj3,ps2,adm58,nc6,est2
Carrera 14  3-11 Av. Bolivar,451101,OJ032,1973-07-31,25,N,,,,890002590-2,www.eam.edu.co,4709,mu54,4709,nj3,ps2,adm15,nc6,est2
Carrera 18 A No.137-80 Piso 5,2594087,9168,1987-08-06,7,N,,,,800026729-5,politecnicoindoamericano.edu.co,4710,mu21,4710,nj3,ps2,adm58,nc6,est2
Carrera 10  27-91 Torre C,NULL,1999,2007-03-19,,N,,,,860.513.543-1,www.esatec.edu.co,4711,mu21,4711,nj3,ps2,adm58,nc6,est1
Calle 36  15-63,7040760,954,2007-03-19,9,N,,,,860.055.057,www.fit.edu.co,4714,mu21,4714,nj3,ps2,adm19,nc6,est2
Carrera 12 5-64 Barrio San Bosco,6616149,11107,2007-03-19,,N,,,,890325441-1,www.futap.net,4716,mu80,4716,nj3,ps2,adm12,nc6,est1
Diagonal 47 Sur No.53-46 Barrio Venecia,7111063,17084,1978-11-13,26,N,,,,860.072.063.2,www.nuevaamerica.edu.co,4719,mu21,4719,nj3,ps2,adm58,nc6,est2
Calle 69 No. 14-30,7437270,11106,1983-07-13,24,N,,,,860.516.580-6,www.insutec.edu.co,4721,mu21,4721,nj3,ps2,adm12,nc6,est2
Calle 128B 58B-57 Barrio Las Villas,2265206,7975,2007-03-19,,N,,,,891.224.672-4,No disponible,4725,mu21,4725,nj3,ps2,adm58,nc6,est1
Transversal 17 25-25,3309999,14135,1987-10-16,47,N,,,,800.040.295-9,www.fus.edu.co,4726,mu21,4726,nj3,ps2,adm58,nc6,est2
Calle 73 No. 10-45,4005700,4135,2004-11-11,31,N,,,,900002845-0,www.politecnicointernacional.edu.co,4727,mu21,4727,nj3,ps2,adm58,nc6,est2
Calle 43 78-40,4112811,11105,1983-07-13,6,N,,,,890984813-2,www.corpoasa.edu.co,4801,mu29,4801,nj5,ps2,adm58,nc6,est2
Calle 125 No 7c-62,5556969,2026,1982-03-02,3,N,,,,860.508.517-8,www.polcolan.edu.co,4803,mu21,4803,nj5,ps2,adm58,nc6,est2
Av 4  15-70,5715149,8532,1983-06-06,,N,,,,NO INFORMA,No disponible,4804,mu51,4804,nj5,ps2,adm58,nc6,est1
Av. Ciudad de Cali 69A - 47,3173707085,4023,1983-03-25,,N,,,,860.516.740-8,www.corpotec.edu.co,4805,mu21,4805,nj5,ps2,adm48,nc6,est2
Calle 42 No.13-26,3405125,1727,1974-04-22,7,N,,,,860.036.444-2,www.ce-art.edu.co,4806,mu21,4806,nj5,ps2,adm64,nc1,est2
"Calle 6 No. 30ª -23 Av. Roosevel, Barrio El Cedro",6826182,1998,1983-02-14,26,N,,,,890.328.023-8,www.corpocres.edu.co,4808,mu80,4808,nj5,ps2,adm12,nc6,est2
Avenida 30 de Agosto 52-236,3293333,18512,1983-10-04,,N,,,,891.411.199-3,www.corporacioncta.edu.co,4809,mu3,4809,nj5,ps2,adm12,nc6,est1
Av. Caracas 35-18,2329084,11109,1983-07-13,14,N,,,,860504984-6,No disponible,4810,mu21,4810,nj5,ps2,adm58,nc6,est2
Calle 17 A 121-399 Casa 75 A  Pance,5552133,11104,1983-07-13,5,N,,,,890.324.361,www.cenda-cali.edu.co,4811,mu80,4811,nj5,ps2,adm12,nc6,est2
CaLLE 136 Bis No. 103D-10,7443316,1311,1984-02-29,11,N,,,,860.519.585-6,www.lasmercedes.edu.co,4812,mu21,4812,nj5,ps2,adm12,nc6,est2
Carrera 5  12-64  La Candelaria,3813222,1379,1983-02-03,172,N,,,,860401734-9,www.cun.edu.co,4813,mu21,4813,nj5,ps2,adm12,nc6,est2
Avenida 3 Norte #44-100 Barrio  La Merced,649989,8533,1983-06-06,,N,,,,NO INFORMA,NO DISPONIBLE,4814,mu80,4814,nj5,ps2,adm12,nc6,est1
CL79 # 42F-110,3207450,713,1972-06-19,12,N,,,,890.104.481-6,www.corpoedulitoral.edu.co,4817,mu52,4817,nj5,ps2,adm28,nc6,est2
Calle  58  55-24A,3444868,273,1971-03-23,11,N,,,,890.103.657-0,www.ul.edu.co,4818,mu52,4818,nj5,ps2,adm12,nc6,est2
Carrera 12  70-44/46,5417173,6272,1983-05-04,21,N,,,,860504543-1,www.artesyletras.com.co,4822,mu21,4822,nj5,ps2,adm12,nc6,est2
Carrera 6 24-56,3400100,19348,1985-12-07,19,N,,,,891.408.248-5,www.ciaf.edu.co,4825,mu3,4825,nj5,ps2,adm58,nc6,est2
"Pie del Cerro, Av.Pedro Heredia 18B-17",6665832,8992,1985-06-21,2,N,,,,890.481.341-9,www.iafic.edu.co,4826,mu86,4826,nj5,ps2,adm58,nc6,est2
Calle 47  42-39,2175599,11103,1983-07-13,,N,,,,NO INFORMA,www.institutodeartes.edu.co,4827,mu29,4827,nj5,ps2,adm58,nc6,est2
Carrera 26  50-73,6473939,80,1974-08-01,6,N,,,,890.204.702,www.interamericana.edu.co,4829,mu65,4829,nj5,ps2,adm35,nc6,est2
Carrera 23  63 - 36,5441388,2028,1982-03-02,12,N,,,,860.066.098-5,www.ises.edu.co,4832,mu21,4832,nj5,ps2,adm12,nc6,est2
Autopista Norte Km. 19 (Via a Chia),6760448,11108,1983-07-13,10,N,,,,860078430-1,www taller5.edu.co,4835,mu21,4835,nj5,ps2,adm12,nc6,est2
Carrera 53   59-70,3492619,3514,1993-07-15,10,N,,,,NO INFORMA,www.corsalud.cjb.net,4837,mu52,4837,nj5,ps2,adm58,nc6,est2
Avda 1 No. 2 - 63 Barrio Lleras,5740254,1018,1999-05-18,,N,,,,1,www.corbes.edu.co,4838,mu51,4838,nj5,ps2,adm12,nc6,est1
Calle 41 10-30 Barrio Alfonso L¿pez,6349810,2680,1998-08-05,11,N,,,,804006527-3,www.tecnologicadeloriente.edu.co,5801,mu65,5801,nj5,ps2,adm12,nc6,est2
Carrera 19  49-20,3537171,2683,1985-03-28,63,N,,,,860.401.496-0,www.ecci.edu.co,5802,mu21,5802,nj5,ps2,adm58,nc6,est2
Av. Caracas   2 - 65 Sur,,2045,2007-03-19,,N,,,,800.141.335-9,www.policia.gov.co,9101,mu21,9101,nj2,ps2,adm78,nc6,est1
Madrid (Cundinamarca),,275,2007-03-19,12,S,2019-10-01,10409,6,80.014.164,www.esufa.edu.com,9102,mu64,9102,nj2,ps2,adm17,nc4,est2
Carrera  8  58-67,4881000,2247,1920-12-23,4,S,2018-03-21,4600,6,800.141.621,www.emavi.edu.co,9103,mu80,9103,nj2,ps2,adm5,nc8,est2
Calle  80  38-00 (Avenida Suba),3770850,30,1992-12-28,8,S,2021-12-10,23657,6,800131272-0,www.esmic.edu.co,9104,mu21,9104,nj2,ps2,adm77,nc1,est2
"Barrio Manzanillo, Avenida El Bosque",6694295,793,1907-07-06,14,S,2017-11-10,24403,6,800141648-9,www.escuelanaval.edu.co,9105,mu86,9105,nj2,ps2,adm13,nc8,est2
Carrera  50 #18-06 Puente Aranda,4468011,00015,1983-08-09,7,N,,,,8300874434,www.esing.mil.co,9107,mu21,9107,nj2,ps2,adm55,nc1,est2
Calle 10  4-69,3422121,_,1969-12-31,6,N,,,,899999096-6,www.caroycuervo.gov.co,9108,mu21,9108,nj2,ps2,adm1,nc1,est2
Trv 49 No. 105-84,2536040,9,1964-06-17,,N,,,,No Informa,www.prueba.com.co,9109,mu21,9109,nj2,ps2,adm4,nc6,est1
Carrera 13 No. 65-10,5944001,30,1992-12-28,1500,N,,,,899.999.034-1,www.sena.edu.co,9110,mu21,9110,nj2,ps2,adm39,nc2,est2
Carrera (Avenida Guadalupe) No.3 - 88,4315859,30,2007-03-19,,N,,,,899.999.034-1,www.senavalle.edu.co,9111,mu80,9110,nj2,ps1,adm34,nc1,est2
Calle 51  57-70,,30,2007-03-19,,N,,,,899.999.034-1,www.senamed.edu.co,9112,mu29,9110,nj2,ps1,adm40,nc1,est2
Km. 16 Via Bogota- Mosquera,,30,2007-03-19,,N,,,,899.999.034-1,www.sena.edu.co,9113,mu47,9110,nj2,ps1,adm34,nc1,est2
Carrera 19  7-75,,30,2007-03-19,,N,,,,899.999.034-1,www.sena.edu.co,9114,mu54,9110,nj2,ps1,adm34,nc1,est2
Variante Tulua- Buenaventura,,30,2007-03-19,,N,,,,899.999.034-1,www.sena.edu.co,9115,mu39,9110,nj2,ps1,adm34,nc1,est2
Calle 20 No 5 - 66 Barrio La Yesquita,6711217,2233,2006-06-23,23,N,,,,9000059366,www.fucla.edu.co,9116,mu35,9116,nj3,ps2,adm48,nc6,est2
Av. Caracas No. 35-38,2320155,3623,2006-07-04,2,N,,,,1900093502-9,http://inter.edu.co/,9117,mu21,9117,nj3,ps2,adm12,nc6,est2
"Calle 71 No. 41C -35, Edificio COSMOS, Bloque D.",3851027,6341,2006-10-17,87,N,,,,900114439-4,www.niamericana.edu.co,9119,mu52,9119,nj5,ps2,adm12,nc6,est2
"Palacio Bellas Artes, Calle 52 No. 42-08",4447787,6342,2006-10-17,6,N,,,,900126062-3,www.bellasartesmed.edu.co,9120,mu29,9120,nj3,ps2,adm48,nc6,est2
"Centro, Calle de la Factoria 36-27",6600098,7774,2006-12-01,12,N,,,,900131269,www.unicolombo.edu.co,9121,mu86,9121,nj3,ps2,adm12,nc6,est2
Calle de los Estudiantes 10-20 Ciudadela Real de Minas,6445323,11110,1983-07-13,17,S,2019-12-27,2710,4,860.517.647-5,www.umb.edu.co,9122,mu65,1735,nj3,ps1,adm12,nc6,est2
Clle 7 #3-27 y Clle 19 #42-98,8719541,4571,1977-05-24,,N,,,,860.056.070-7,http://www.uan.edu.co/design/sedes/home.htm,9123,mu28,1826,nj5,ps1,adm12,nc1,est2
Calle 30 #36-11,5690120,1896,2007-04-17,5,N,,,,900175084-4,www.coredi.edu.co,9124,mu23,9124,nj3,ps2,adm68,nc1,est2
Calle 9 7-36 Diagonal al Comando de Policia,8531743,SIN DATO,2008-03-12,,N,,,,890.980.040-8,www.udea.edu.co,9125,mu75,1201,nj2,ps1,adm26,nc1,est2
Carrera 46 Calle 57 Esquina,3697604,6173,2008-09-22,5,N,,,,900243674-1,www.indoamerica.edu.co,9126,mu52,9126,nj5,ps2,adm58,nc6,est2
Calle 75 sur #34-120,3011818,7184,2008-10-24,15,N,,,,900.253.021-5,www.unisabaneta.edu.co,9127,mu57,9127,nj5,ps2,adm58,nc6,est2
Cra. 13 # 75-74,2174757,8973,2008-12-01,15,N,,,,900262351,No disponible,9128,mu21,9128,nj3,ps2,adm12,nc6,est2
AVENIDA CRA 68 #90-88,6468000,9336,2008-12-12,16,N,,,,900262398-4,www.unicafam.edu.co,9129,mu21,9129,nj3,ps2,adm12,nc6,est2
Clle 11 Cra 17 esquina,11,SIN DATO,2009-08-21,,N,,,,np,no diponible,9130,mu85,9130,nj5,ps2,adm26,nc1,est1
Calle 77#11-63,2120515,3600,2009-06-02,12,N,,,,9002941201,www.unicervantes.edu.co,9131,mu21,9131,nj3,ps2,adm48,nc1,est2
Cra 5 N° 118-10,6371160,6168,2010-07-14,2,N,,,,900.372.111-1,no disponible,9132,mu21,9132,nj3,ps2,adm68,nc1,est2
Carrera 7  35-85,2324070,2202,2010-03-30,14,N,,,,900350945-0,www.universitariadecolombia.edu.co,9899,mu21,9899,nj5,ps2,adm68,nc1,est2
Calle 56 #41-147,2398080,6731,2010-08-05,12,N,,,,900378694-9,www.udecolombia.edu.co,9900,mu29,9900,nj5,ps2,adm68,nc1,est2
Carrera 20A  14-54,,10735,2010-10-20,,N,,,,800109387-7,www.iucesmag.edu.co,9901,mu27,9901,nj3,ps2,adm12,nc6,est1
Avenida González Valencia #52-69,6577000,8562,2010-09-27,3,N,,,,900395956-5,www.comfenalcosantander.com.co,9902,mu65,9902,nj3,ps2,adm68,nc1,est2
Calle 52A No. 9-76,2550617,9150,2010-10-21,11,N,,,,900401526-8,www.cetcolsubsidio.edu.co,9903,mu21,9903,nj5,ps2,adm48,nc6,est2
Avenida Caracas #63-87,5879730,10263,2010-11-22,22,N,,,,900407222-1,no disponible,9904,mu21,9904,nj3,ps2,adm12,nc6,est2
Km.11 v¿a al Sur,8600117,1595,2011-02-28,15,N,,,,900440771-2,www.fet.edu.co,9905,mu66,9905,nj3,ps2,adm48,nc6,est2
Av. 6N No. 47-197,6518200,1051,2011-02-15,4,N,,,,900422582-0,NO DISPONIBLE,9906,mu80,9906,nj5,ps2,adm48,nc6,est2
CALLE 10 # 6-41,8717770,10570,2011-11-22,14,N,,,,36180562,www.uninavarra.edu.co,9907,mu28,9907,nj3,ps2,adm68,nc1,est2
Carrera 13 5-21,2370000,12,1945-06-11,,N,,,,890.399.010-6,HTTP://BUGA.UNIVALLE.EDU.CO,9908,mu39,1203,nj4,ps1,adm63,nc5,est2
Calle 14 N¿ 7-134 Barrio Bolivar,57 2 22091,12,1945-06-11,,N,,,,890399010-6,HTTP://ZARZAL.UNIVALLE.EDU.CO,9909,mu25,1203,nj2,ps1,adm63,nc5,est2
Carrera 5 #65-50,3452497,10733,2011-11-23,2,N,,,,900511207-5,www.uniluisgpaez.edu.co,9910,mu21,9910,nj3,ps2,adm68,nc1,est2
Av.Simón Bolivar Km 9 Contiguo al Colegio ITI,1,12,1945-06-11,,N,,,,890.399.010-6,www.univalle.edu.co,9911,mu87,1203,nj4,ps1,adm63,nc5,est2
Carrera 31 Av. La Carbonera,2704760,12,1945-06-11,,N,,,,890399010-6,HTTP://PALMIRA.UNIVALLE.EDU.CO,9912,mu83,1203,nj2,ps1,adm63,nc5,est2
Carrera 18 No. 79-25,3174231476,1110,2012-02-02,13,N,,,,900509172-1,https://uniasturias.edu.co/,9913,mu21,9913,nj5,ps2,adm59,nc6,est2
Carrera 11 #80-57,5521860,4787,2012-05-08,20,N,,,,9005345244,https://www.eseit.edu.co/,9914,mu21,9914,nj5,ps2,adm48,nc1,est2
Carrera 19 71 A-23,7421994,4788,2012-05-08,14,N,,,,900.524.285-6,www.uvirtual.edu.co,9915,mu21,9915,nj3,ps2,adm12,nc6,est2
Km 4 Vía Suba a Cota,6831062,1654,2013-07-15,3,N,,,,79357338,www.,9918,mu50,9918,nj2,ps2,adm34,nc2,est2
Cra. 7 Km 17 Los Arrayanes,8844310,4283,2014-03-27,,N,,,,900750134-0,www.elernova.edu.co,9919,mu16,9919,nj3,ps2,adm48,nc1,est2
Calle 44 N¿ 45-67,3165000,014,1997-03-10,,S,2021-08-25,15859,10,899.999.063-3,http://www.tumaco-pacifico.unal.edu.co/,9920,mu14,1101,nj2,ps1,adm16,nc4,est2
CALLE 18 N¿ 56 -02,7216608,15596,2015-09-23,2,N,,,,900901398-1,www.,9921,mu27,9921,nj3,ps2,adm24,nc6,est2
CRA. 5 N¿ 21 - 30,3172400,14053,2015-09-07,13,N,,,,900893985-5,www.uc.edu.co,9922,mu3,9922,nj3,ps2,adm24,nc1,est2
Cra 18B No 106 A-15,6372511,21329,2016-11-15,2,N,,,,901032802-6,www.udecatalunya.edu.co,9923,mu21,9923,nj5,ps2,adm48,nc6,est2
Calle 39A No. 19-18,7810645,21328,2016-11-15,5,N,,,,901.040.737-9,www.unincol.edu.co,9924,mu21,9924,nj3,ps2,adm52,nc6,est2
Calle 155A No. 23-58 Urbanizaci¿n El Bosque,6399292,21212,2016-11-10,,N,,,,901045132-6,no informa,9925,mu34,9925,nj3,ps2,adm12,nc6,est2
Calle 100  19-61 Piso 8,5169659,13130,2017-07-07,24,N,,,,901096617-4,unir,9926,mu21,9926,nj3,ps2,adm12,nc6,est2
Calle 42B   52- 106,3835160,74,2017-12-27,15,N,,,,901168222-9,www.iudigital.edu.co/Paginas/default.aspx,9927,mu29,9927,nj4,ps2,adm41,nc5,est2
Avenida el Dorado No. 69-96,7462738,06095,2018-04-09,8,N,,,,901181117-7,https://www.salesiana.edu.co/,9928,mu21,9928,nj3,ps2,adm48,nc6,est2
Calle 78N - Carrera 19N Urbanizaci¿n La Aldea,8240343,SIN DATO,2018-06-26,10,N,,,,8242153,www.uaiinpebi-cric.edu.co,9929,mu1,9929,nj2,ps2,adm26,nc1,est2
CALLE 102 NO. 7-80 CANTON NORTE,3150111,SIN DATO,2018-08-14,5,N,,,,NO INFORMA,www.ejercito.mil.co/?idcategoria=221634,9930,mu21,9930,nj2,ps2,adm26,nc1,est2
Cra. 16 No. 70a-68,2172183,07081,2018-04-30,2,N,,,,901184569-6,no disponible,9931,mu21,9931,nj3,ps2,adm48,nc6,est2
Calle 170 No. 8G-31,6 71 1221,009,2015-08-20,2,N,,,,901208296-6,www.unisanpablo.co,9932,mu21,9932,nj3,ps2,adm37,nc7,est2
Carrera 45 #26 - 85,3165000,250,2018-10-24,6,S,2021-08-25,15859,10,899.999.063-3,http://delapaz.unal.edu.co/,9933,mu76,1101,nj2,ps1,adm16,nc4,est2
Avenida el Dorado N¿. 103 - 23,4251000,074,2014-12-19,1,N,,,,899.999.059-3,www.centrodeestudiosaeronauticos.edu.co/cea/,9934,mu21,9934,nj2,ps2,adm22,nc7,est2
Calle 55 # 19-25,6024379,1251,2018-01-30,1,N,,,,901.167.074-0,www.utem.edu.co,9935,mu8,9935,nj3,ps2,adm48,nc1,est2
AV 2 # 13-30,7557153,04013,2019-04-12,4,N,,,,901278157-1,www.unanorte.com,9936,mu51,9936,nj5,ps2,adm48,nc1,est2
calle 15#19-19 barrio centro,3136316976,011222,2019-10-25,,N,,,,901424500-1,www.corpocaminos.edu.co,9937,mu58,9937,nj5,ps2,adm12,nc1,est2
calle 62 #27-126,3176490529,1,2019-10-01,,N,,,,901.575.686-8,www.unich.edu.co,9938,mu65,9938,nj5,ps2,adm38,nc1,est2
Calle 75B No. 42F-83,3600047,015855,2021-08-25,,N,,,,901527499-2,https: //FUNCATC.org/,9939,mu52,9939,nj3,ps2,adm12,nc1,est2
"Carrera 8 N. 28 A  60 Distrito Tur¿stico, Cultural e Hist¿rico de",4209600,SIN DATO,2023-01-13,,N,,,,819001834-1,PENDIENTE,9940,mu60,9940,nj1,ps2,adm26,nc1,est2
